{
    "config": {
        "data_dir": "NPPAD",
        "sequence_length": 18,
        "prediction_horizon": 1,
        "k_folds": 2,
        "batch_size": 64,
        "epochs": 3,
        "patience": 5,
        "tcn_filters": "[64, 128, 128]",
        "tcn_kernel_size": 3,
        "tcn_dilations": "[1, 2, 4, 8]",
        "attention_heads": 4,
        "dropout_rate": 0.3,
        "learning_rate": 0.001,
        "test_size": 0.2,
        "val_size": 0.2,
        "model_dir": "models",
        "results_dir": "results",
        "class_weight": "{0: 1, 1: 2}",
        "use_gpu": true,
        "sample_size": 50,
        "verbose": 1,
        "data_chunk_size": 10000
    },
    "fold_results": [
        {
            "fold": 1,
            "val_loss": 0.0503380186855793,
            "val_accuracy": 0.9755138754844666,
            "val_precision": 1.0,
            "val_recall": 0.9719377160072327,
            "val_auc": 0.9991143941879272,
            "training_time": 14.26667308807373,
            "best_epoch": -2
        },
        {
            "fold": 2,
            "val_loss": 0.08690733462572098,
            "val_accuracy": 0.9662198424339294,
            "val_precision": 1.0,
            "val_recall": 0.96184903383255,
            "val_auc": 0.9995660781860352,
            "training_time": 12.876547813415527,
            "best_epoch": -2
        }
    ],
    "overall_auc": 0.9981796739797073,
    "classification_report": {
        "0": {
            "precision": 0.805952380952381,
            "recall": 1.0,
            "f1-score": 0.8925510876730389,
            "support": 1354.0
        },
        "1": {
            "precision": 1.0,
            "recall": 0.966856445709638,
            "f1-score": 0.9831489713635894,
            "support": 9836.0
        },
        "accuracy": 0.9708668453976765,
        "macro avg": {
            "precision": 0.9029761904761905,
            "recall": 0.983428222854819,
            "f1-score": 0.9378500295183141,
            "support": 11190.0
        },
        "weighted avg": {
            "precision": 0.9765200646836035,
            "recall": 0.9708668453976765,
            "f1-score": 0.9721865464737766,
            "support": 11190.0
        }
    }
}