{
    "config": {
        "data_dir": "NPPAD",
        "sequence_length": 18,
        "prediction_horizon": 1,
        "k_folds": 3,
        "batch_size": 64,
        "epochs": 10,
        "patience": 5,
        "tcn_filters": "[64, 128, 128]",
        "tcn_kernel_size": 3,
        "tcn_dilations": "[1, 2, 4, 8]",
        "attention_heads": 4,
        "dropout_rate": 0.3,
        "learning_rate": 0.001,
        "test_size": 0.2,
        "val_size": 0.2,
        "model_dir": "models",
        "results_dir": "results",
        "class_weight": "{0: 1, 1: 2}",
        "use_gpu": true,
        "sample_size": 100,
        "verbose": 1,
        "data_chunk_size": 10000
    },
    "fold_results": [
        {
            "fold": 1,
            "val_loss": 0.014963082037866116,
            "val_accuracy": 0.992428719997406,
            "val_precision": 1.0,
            "val_recall": 0.9917781949043274,
            "val_auc": 0.9999135136604309,
            "training_time": 73.87002444267273,
            "best_epoch": 5
        },
        {
            "fold": 2,
            "val_loss": 0.009044529870152473,
            "val_accuracy": 0.9980700612068176,
            "val_precision": 0.9998391270637512,
            "val_recall": 0.9980729222297668,
            "val_auc": 0.9999228119850159,
            "training_time": 69.29350471496582,
            "best_epoch": 5
        },
        {
            "fold": 3,
            "val_loss": 0.009839080274105072,
            "val_accuracy": 0.9961395859718323,
            "val_precision": 0.9987086653709412,
            "val_recall": 0.9970991015434265,
            "val_auc": 0.9998149275779724,
            "training_time": 82.93216037750244,
            "best_epoch": 5
        }
    ],
    "overall_auc": 0.9998411973420013,
    "classification_report": {
        "0": {
            "precision": 0.9507299270072993,
            "recall": 0.9942748091603053,
            "f1-score": 0.9720149253731343,
            "support": 1572.0
        },
        "1": {
            "precision": 0.9995151645746916,
            "recall": 0.9956533404883284,
            "f1-score": 0.997580515081456,
            "support": 18635.0
        },
        "accuracy": 0.9955460978868709,
        "macro avg": {
            "precision": 0.9751225457909954,
            "recall": 0.9949640748243169,
            "f1-score": 0.9847977202272951,
            "support": 20207.0
        },
        "weighted avg": {
            "precision": 0.9957199256250236,
            "recall": 0.9955460978868709,
            "f1-score": 0.995591644540481,
            "support": 20207.0
        }
    }
}